id,source
1,限量绘卷
2,常驻祈愿
3,常驻祈愿
4,常驻祈愿
5,常驻祈愿
6,常驻祈愿
7,常驻祈愿
9,常驻祈愿
10,常驻祈愿
11,常驻祈愿
12,常驻祈愿
13,常驻祈愿
14,主线&秘封
15,常驻祈愿
16,活动
17,常驻祈愿
18,常驻祈愿
19,常驻祈愿
20,常驻祈愿
21,复灵本
31,常驻祈愿
32,常驻祈愿
33,常驻祈愿
34,活动
35,常驻祈愿
36,活动
37,常驻祈愿
38,常驻祈愿
39,活动
40,常驻祈愿
41,常驻祈愿
42,常驻祈愿
43,常驻祈愿
44,常驻祈愿
45,常驻祈愿
46,常驻祈愿
48,常驻祈愿
49,常驻祈愿
50,活动
52,常驻祈愿
53,常驻祈愿
54,常驻祈愿
56,常驻祈愿
57,常驻祈愿
58,常驻祈愿
59,常驻祈愿
60,常驻祈愿
71,常驻祈愿
72,常驻祈愿
73,常驻祈愿
74,常驻祈愿
75,常驻祈愿
76,常驻祈愿
77,常驻祈愿
78,常驻祈愿
79,常驻祈愿
80,常驻祈愿
81,常驻祈愿
82,常驻祈愿
83,常驻祈愿
85,常驻祈愿
86,常驻祈愿
87,常驻祈愿
88,常驻祈愿
89,常驻祈愿
90,常驻祈愿
91,常驻祈愿
92,常驻祈愿
93,常驻祈愿
94,常驻祈愿
95,常驻祈愿
96,常驻祈愿
97,常驻祈愿
98,常驻祈愿
99,常驻祈愿
100,常驻祈愿
101,常驻祈愿
102,常驻祈愿
103,常驻祈愿
104,常驻祈愿
105,活动
107,常驻祈愿
108,常驻祈愿
109,常驻祈愿
110,活动
111,活动
112,活动
114,活动
115,常驻祈愿
116,常驻祈愿
117,主线&秘封
118,常驻祈愿
119,常驻祈愿
120,活动
121,主线&秘封
123,活动
124,常驻祈愿
125,常驻祈愿
126,活动
127,活动
128,常驻祈愿
130,常驻祈愿
131,常驻祈愿
132,常驻祈愿
133,活动
134,常驻祈愿
135,活动
136,常驻祈愿
137,常驻祈愿
138,常驻祈愿
139,常驻祈愿
140,常驻祈愿
148,常驻祈愿
149,常驻祈愿
151,常驻祈愿
154,常驻祈愿
155,常驻祈愿
156,常驻祈愿
157,常驻祈愿
160,常驻祈愿
164,常驻祈愿
165,常驻祈愿
166,主线&秘封
168,常驻祈愿
169,常驻祈愿
172,活动
175,活动
177,复灵本
181,主线&秘封
182,常驻祈愿
183,主线&秘封
184,主线&秘封
185,主线&秘封
186,主线&秘封
191,常驻祈愿
193,活动
194,常驻祈愿
195,常驻祈愿
196,常驻祈愿
197,常驻祈愿
198,常驻祈愿
199,常驻祈愿
200,常驻祈愿
201,常驻祈愿
202,常驻祈愿
205,限定祈愿
206,限定祈愿
207,活动
208,常驻祈愿
209,活动
210,常驻祈愿
216,常驻祈愿
217,常驻祈愿
218,常驻祈愿
221,主线&秘封
222,常驻祈愿
223,常驻祈愿
224,常驻祈愿
225,常驻祈愿
228,常驻祈愿
229,常驻祈愿
230,限量绘卷
231,限量绘卷
232,限量绘卷
233,限定祈愿
234,常驻祈愿
236,常驻祈愿
247,常驻祈愿
248,常驻祈愿
249,活动
250,活动
251,活动
252,常驻祈愿
253,常驻祈愿
254,复灵本
255,活动
256,活动
257,活动
258,活动
259,限定祈愿
260,活动
261,主线&秘封
262,主线&秘封
263,复灵本
264,主线&秘封
265,主线&秘封
266,主线&秘封
267,常驻祈愿
268,复灵本
269,活动
270,常驻祈愿
271,常驻祈愿
272,常驻祈愿
273,常驻祈愿
274,限定祈愿
275,限定祈愿
276,限定祈愿
277,限定祈愿
278,限定祈愿
279,活动
280,活动
282,活动
283,活动
284,活动
285,活动
286,活动
287,活动
288,活动
289,主线&秘封
290,活动
291,活动
292,活动
293,主线&秘封
297,主线&秘封
298,常驻祈愿
299,复灵本
300,常驻祈愿
301,特殊兑换
302,主线&秘封
303,活动
304,常驻祈愿
305,常驻祈愿
306,主线&秘封
307,常驻祈愿
308,主线&秘封
309,常驻祈愿
312,复灵本
313,主线&秘封
314,限定祈愿
316,限定祈愿
317,活动
318,活动
319,常驻祈愿
320,活动
322,活动
323,活动
324,限量绘卷
325,限量绘卷
326,常驻祈愿
327,活动
328,活动
329,活动
330,活动
331,特殊兑换
332,活动
333,限量绘卷
334,活动
335,活动
336,常驻祈愿
337,活动
338,活动
339,主线&秘封
340,主线&秘封
341,活动
342,活动
344,主线&秘封
345,常驻祈愿
346,活动
347,活动
348,复灵本
349,活动
350,活动
351,活动
352,主线&秘封
353,活动
355,限定祈愿
356,限定祈愿
357,复灵本
358,复灵本
359,复灵本
360,复灵本
361,复灵本
362,复灵本
363,复灵本
364,复灵本
365,复灵本
366,复灵本
367,复灵本
368,复灵本
369,复灵本
370,活动
371,复灵本
372,复灵本
373,主线&秘封
374,复灵本
375,活动
376,活动
377,复灵本
378,限定祈愿
379,限定祈愿
381,活动
383,复灵本
386,限量绘卷
388,活动
380,复灵本
384,高难本掉落
389,活动
390,复灵本
391,主线&秘封
392,限量绘卷
393,活动
396,限定祈愿
397,活动
398,活动
400,限定祈愿
403,限定祈愿
404,限定祈愿
405,限定祈愿
406,限定祈愿
407,限定祈愿
408,限定祈愿
409,限定祈愿
410,复灵本
412,活动
413,限定祈愿
414,活动
415,活动
416,复灵本
417,特殊兑换
418,限定祈愿
419,复灵本
421,活动
422,活动
427,复灵本
428,活动
429,活动
431,复灵本
433,限定祈愿
434,限定祈愿
436,活动
437,活动
438,复灵本
439,限定祈愿
441,限定祈愿
442,限定祈愿
443,活动
444,活动
445,限定祈愿
446,复灵本
447,限定祈愿
448,限定祈愿
449,限定祈愿
450,活动
451,活动
452,复灵本
454,限定祈愿
455,复灵本
456,主线&秘封
458,限定祈愿
459,限定祈愿
463,主线&秘封
464,活动
465,活动
466,复灵本
467,复灵本
468,限量绘卷
469,高难本掉落
470,活动
472,活动
473,活动
474,限量绘卷
476,复灵本
478,常驻祈愿
479,限定祈愿
482,活动
483,活动
486,复灵本
487,复灵祭绘马
489,复灵本
490,复灵本
491,复灵本
492,复灵本
493,复灵本
494,复灵本
495,复灵本
496,复灵本
497,复灵本
498,复灵本
499,活动
500,活动
501,常驻祈愿
502,限定祈愿
503,复灵祭绘马
504,限定祈愿
506,活动
507,活动
508,限定祈愿
513,活动
514,活动
515,高难本掉落
518,限定祈愿
519,限定祈愿
520,活动
521,活动
522,复灵本
526,复灵祭绘马
527,活动
528,活动
529,复灵本
530,复灵本
531,复灵本
535,活动
536,活动
537,常驻祈愿
538,常驻祈愿
539,常驻祈愿
540,复灵本
542,活动
543,活动
544,复灵本
545,复灵本
546,复灵本
547,限量绘卷
549,活动
550,活动
552,复灵本
556,活动
557,活动
559,限定祈愿
560,限定祈愿
563,活动
564,活动
565,复灵本
566,复灵本
571,活动
572,活动
578,活动
579,活动
582,复灵本
583,复灵本
586,活动
587,活动
595,限量绘卷
602,复灵祭绘马
603,复灵祭绘马
604,复灵祭绘马
608,限定祈愿
609,限定祈愿
610,限定祈愿
611,限定祈愿
619,复灵祭绘马
620,复灵祭绘马
4444,命运掉落
5001,主线&秘封
5008,主线&秘封
5009,主线&秘封
5029,主线&秘封
5052,主线&秘封
5061,主线&秘封
5079,主线&秘封
5188,主线&秘封
5413,主线&秘封
5495,主线&秘封
10001,限量绘卷
10002,限量绘卷
10003,限量绘卷
10004,限量绘卷
10005,限量绘卷
10006,限量绘卷
10007,限量绘卷
10008,限量绘卷
